Cost Code,Category
01-0000,DIV. 01- GEN. REQUIREMENTS
01-0001,CERTIFIED PAYROLL PROJECT
01-0010,NO HCS ALLOWED
01-0011,HCS ALLOWED
01-3105,ESTIMATING
01-3106,PRECONSTRUCTION SERVICES
01-3107,BID ADVERTISEMENTS
01-3113,PROJECT EXECUTIVE
01-3114,PROJECT MANAGER
01-3115,PROJECT MANAGER-OCIP
01-3116,ASSISTANT PROJECT MANAGER
01-3117,GENERAL SUPERINTENDENT
01-3118,BUILDING SUPERINTENDENT
01-3119,ASSISTANT SUPERINTENDENT
01-3120,PROJECT ENGINEER
01-3121,PROJECT ADMINISTRATION
01-3122,FIELD SUPERVISION
01-3123,ELECTRIC & GAS SUPER.
01-3124,SITE SUPERINTENDENT
01-3180,PERSONNEL BONUSES
01-3181,SICK PAY
01-3200,PROGRESS SCHEDULING
01-3233,CONSTRUCTION PHOTOS/VIDEO
01-3522,SAFETY DIRECTOR & STAFF
01-3523,JOBSITE SAFETY PERSONNEL
01-3524,SAFETY SUPPLIES/EQUIP.
01-3525,SAFETY TRAINING
01-3526,BADGING & DRUG TESTING
01-4116,REMODEL SALES TAX
01-4123,FEES
01-4124,A & E FEES
01-4126,PERMITS
01-4127,MISC PERMITS
01-4340,CONFINED SPACE
01-4516,FIELD QUALITY CONTROL
01-4523,INSPECTING SERVICES
01-4529,TESTING LAB SERVICES
01-4535,EMISSION SYSTEMS/REPORTING
01-5113,TEMPORARY ELECTRICITY
01-5114,START UP ELECTRICITY
01-5133,TEMPORARY TELEPHONE
01-5134,PHONE & DATA LINES
01-5136,TEMPORARY WATER
01-5213,FIELD OFFICES & SHEDS
01-5214,FIELD OFFICE SUPPLY & EQUIP.
01-5215,COMPUTERS & PRINTERS
01-5216,STORAGE CONTAINERS
01-5219,TEMPORARY TOILETS
01-5225,SITE VEHICLES
01-5330,TEMPORARY SIDEWALKS
01-5331,TEMPORARY DRIVEWAYS
01-5332,TEMPORARY BYPASS SIDEWALKS
01-5333,TEMPORARY ACCESS
01-5416,TEMPORARY HOISTS
01-5419,TEMPORARY CRANES-BLDG
01-5423,TEMP. SCAFFOLD & PLATFORMS
01-5427,TEMPORARY LADDERS & STAIRS
01-5428,LIGHT TOWERS
01-5430,MISC. PROJECT EQUIPMENT
01-5432,VACUUM SWEEPER
01-5513,TEMPORARY ACCESS ROADS
01-5519,TEMPORARY PARKING AREAS
01-5529,STAGING AREAS
01-5613,"TEMP. AIR, NOISE & DUST BARRIE"
01-5623,TEMPORARY BARRICADES
01-5626,TEMPORARY FENCING
01-5629,TEMP. PROTECTIVE WALKWAYS
01-5633,TEMPORARY SECURITY
01-5639,TEMPORARY PLANT PROTECTION
01-5713,TEMPORARY EROSION CONTROLS
01-5719,TEMP. ENVIRONMENTAL CONTROLS
01-5723,TEMP. STORM WATER CONTROLS
01-5813,PROJECT SIGNS
01-7113,MOBILIZATION
01-7122,RPLS
01-7123,CONSTRUCTION LAYOUT
01-7124,SITE CAD
01-7125,SITEWORK MODELING
01-7126,BIM
01-7127,DRONE SURVEY
01-7320,MISC. EXPENSES
01-7321,PLANS & SPEC REPRODUCTION
01-7322,SMALL TOOLS
01-7323,SHIPPING & DELIVERY CHARGES
01-7324,"ICE,CUPS & WATER"
01-7350,SUBSISTENCE EXPENSE
01-7351,HOUSING EXPENSE
01-7352,TRAVEL EXPENSE
01-7353,VEHICLES AND FUEL
01-7413,GENERAL BUILDING CLEANING
01-7416,SITE PUNCH OUT
01-7419,DUMPSTER
01-7423,FINAL BUILDING CLEAN
01-7516,STARTUP PROCEDURES
01-7600,PROTECT INSTALLED CONSTRUCTION
01-7833,PERFORMANCE & PAYMENT BOND
01-7834,MAINTENANCE BOND
01-7835,DEVELOPERS BOND
01-7839,AS BUILT DOCUMENTS & CLOSEOUT
01-7900,DEMONSTRATION & TRAINING
01-7950,BUILDERS RISK INSURANCE
01-7951,UMBRELLA INSURANCE
01-7952,RAILROAD INSURANCE
01-7960,AGC DUES
01-7970,TEXTURA FEE
02-0000,DIV. 02- EXISTING CONDITIONS
02-3220,EXCAVATING TEST PITS
02-4100,REMOVE & DISPOSE COMPLETE
02-4105,SAW CUTTING CONCRETE
02-4108,SAW CUTTING ASPHALT
02-4110,REMOVE/DISPOSE CURB & GUTTER
02-4112,REMOVE/DISPOSE CONC. HDWLS
02-4113,REMOVE/DISPOSE CONC. SLABS
02-4114,REMOVE/DISPOSE CONC. FOOTINGS
02-4116,REMOVE/DISPOSE CONC. PAVING
02-4118,REMOVE/DISPOSE CONC. WALLS
02-4120,REM./DISPOSE MISC CONC STRUCT
02-4124,REMOVE/DISPOSE GUARD RAIL
02-4126,REMOVE-DISPOSE FENCE
02-4130,REMOVE/DISPOSE ASPHALT PAVING
02-4139,PROTECT EXISTING UTILITIES
02-4140,REM/DISPOSE UNDERGROUND PIPE
02-4142,ABANDON UTILITY SERVICES
02-4144,CUT & PLUG EXISTING UTILITIES
02-4152,REM/DISPOSE CONC. BOX CULVERTS
02-4155,REM/DISPOSE MANHOLES & INLETS
02-4157,REMOVE/DISPOSE CONC. RIPRAP
02-4160,REMOVE/DISPOSE BUILDINGS
02-4161,SELECTIVE BLDG./INTERIOR DEMO.
02-4170,REMOVE/DISPOSE CONC. BRIDGES
02-4180,SITE DEMOLITION
02-6110,REM/DISPOSE CONTAMINATED SOILS
02-8210,ASBESTOS ABATEMENT
02-8510,MOLD REMEDIATION
03-0000,DIV. 03- CONCRETE
03-0110,TRAFFIC CONTROL-CONCRETE
03-0250,RENTAL FORK LIFT/MAN LIFT
03-0500,TURNKEY CONC. CONSTRUCTION-SUB
03-0600,CONCRETE SLAB-COMPLETE
03-0908,EXCAVATE & BACKFILL BR COL
03-0909,EXCAVATE ABUTMENTS
03-0910,EXCAVATE BOX CULVERTS
03-0911,EXCAVATE SPREAD FOOTING
03-0912,EXCAVATE GRADE BEAMS
03-0913,STRUCTURAL EXCAVATION
03-0914,TRENCH GRADE BEAMS
03-0920,FINE GRADE SLAB ON GRADE
03-0921,FINE GRADE BOX CULVERT
03-0922,FINE GRADE FOOTINGS
03-0923,FINE GRADE ABUTMENTS
03-0924,FINE GRADE APPROACH SLABS
03-0930,BUY & PLACE STONE-BOX CULVERT
03-0931,BUY & PLACE ROCK UNDER SOG
03-0932,HAUL BEDDING/STONE
03-0933,BACKFILL FOOTINGS
03-0934,BACKFILL BOX CULVERTS
03-0935,BACKFILL ABUTMENTS
03-0936,BACKFILL SLAB EDGE
03-0937,STRUCTURAL BACKFILL
03-1110,FORM ABUTMENTS
03-1111,FORM BENT CAPS
03-1112,FORM RD. COLUMNS-SONOTUBE
03-1113,FORM ROUND COLUMNS-STEEL
03-1114,FORM SQ.COLUMNS-PLYWOOD
03-1115,FORM SQ. COLUMNS- STEEL
03-1116,FORM BRIDGE OVERHANG
03-1117,FORM BRIDGE INTERIOR
03-1118,FORM BRIDGE SIDEWALKS
03-1119,FORM BRIDGE SHEAR KEY
03-1120,FORM APPROACH SLAB
03-1125,FORM TY T501/T502 BRIDGE RAIL
03-1126,FORM TY T401/T402 BRIDGE RAIL
03-1127,FORM TY T221/T223 BRIDGE RAIL
03-1128,FORM TY T411 BRIDGE RAIL
03-1130,FORM BOX CULVERT FLOOR
03-1131,FORM BOX CULVERT WALLS
03-1132,FORM CULVERT DECK/ROOF
03-1135,FORM PRECAST BOX CULV END/WING
03-1137,FORM CIP BOX CULV S.E.T FLOOR
03-1138,FORM CIP SET BOX CULVERT WALLS
03-1151,FORM EQUIPMENT FOUNDATIONS
03-1152,FORM SPREAD FOOTINGS
03-1153,FORM GRADE BEAMS
03-1154,FORM SLAB ON GRADE
03-1159,FORM PILASTERS
03-1160,FORM PIER CAPS
03-1170,FORM WALL FOOTINGS
03-1171,FORM WALLS TO 10' HIGH
03-1172,FORM WALLS >10' HIGH
03-1180,FORM ELEVATED BEAMS & GIRDERS
03-1181,FORM ELEVATED SLABS
03-1184,ELEVATED FORMING SUB & ASSIST.
03-1185,SAFETY RAILING ON ELEV. DECKS
03-1186,SHORE/FALSEWORK/SCAFFOLDING
03-1188,FORM METAL DECK SLAB
03-1513,WATERSTOP
03-1520,EXPANSION JT MATERIALS
03-1530,BUY & PLACE VOID FORMS
03-1531,POLY VOID RETAINERS
03-1532,PLACE CONCRETE VOID RETAINERS
03-1533,CAST CONCRETE VOID RETAINERS
03-1540,POLY VAPOR BARRIER
03-1550,ANCHOR BOLT ASSEMBLIES
03-1552,ANCHOR BOLTS
03-1555,EMBED PLATES
03-1716,CLEAN & PREPARE BRIDGE DECK
03-1781,CLEAN & PREPARE ELEVATED DECK
03-1788,CLEAN & PREPARE METAL DECK
03-2100,PURCHASE BRIDGE REINFORCING
03-2101,PURCHASE SITE/RDWY REINFORCING
03-2103,PURCHASE BLDG REINFORCING
03-2105,DRILL & PLACE REBAR DOWELS
03-2110,L & E-REINFORCING-ABUTMENTS
03-2111,L & E-REINFORCING-BENT CAPS
03-2112,L & E-REINFORCING-COLUMNS
03-2116,L & E-REINFORC-BRIDGE SLABS
03-2120,L & E-REINFORC -APPROACH SLAB
03-2125,L & E-REINF-BRIDGE RAIL TYT501
03-2126,L & E-REINF-BRIDGE RAIL TYT401
03-2127,L & E-REINF-BRIDGE RAIL TYT221
03-2128,L& E-REINF-BRIDGE RAIL TYT411
03-2130,L & E-REINFORC-BOX CULVERT
03-2135,L&E- REINF-PRECAST BC END/WING
03-2137,L&E-REINF-CIP BOX CULV S.E.T
03-2150,L & E-REINFORCING-BUILDING
03-2151,L & E-REINF-EQUIP FOUNDATIONS
03-2152,L & E-REINF-SPREAD FOOTINGS
03-2153,L & E-REINF-GRADE BEAMS
03-2154,L & E-REINF-SLAB ON GRADE
03-2159,L & E-REINFORCING-PILASTERS
03-2160,L & E-REINFORCING-PIER CAPS
03-2170,L & E-REINF-WALL FOOTINGS
03-2171,L & E-REINFORCING-WALLS
03-2180,L & E-REINF-BEAMS & GIRDERS
03-2181,L & E-REINF-ELEVATED SLABS
03-2200,WELDED WIRE FABRIC
03-2300,STRESSING TENDONS
03-2320,PATCH TENDON ENDS
03-2400,FIBROUS REINFORCING
03-3105,MOCKUPS
03-3107,"CONC. - __"" SOG - ALL COSTS"
03-3108,PLACE CONC. MUDSLAB-ALL COSTS
03-3110,PLACE CONC.-ABUTMENTS
03-3111,PLACE CONC.-BENT CAPS
03-3112,"PLACE CONC.-COLUMNS TO 24"""
03-3113,"PLACE CONC.-COLUMNS 25"" TO 36"""
03-3114,"PLACE CONC.-COLUMNS 37"" TO 48"""
03-3115,"PLACE CONC.-COLUMNS >48"""
03-3116,PLACE CONC.-BRIDGE DECK
03-3118,PLACE CONC.-BRIDGE SIDEWALK
03-3119,PLACE CONC.-BRIDGE SHEAR KEY
03-3120,PLACE CONC.-APPROACH SLAB
03-3124,SLIPFORM BR RAIL
03-3125,PLACE CONC.-BR. RAIL TY T501/T
03-3126,PLACE CONC.-BR. RAIL TY T401/T
03-3127,PLACE CONC.-BR. RAIL TY T221/T
03-3128,PLACE CONC.-BRIDGE RAIL TY T41
03-3130,PLACE CONC.-FLOOR BOX CULVERT
03-3131,PLACE CONC.-WALLS BOX CULVERT
03-3132,PLACE CONC.-CULVERT DECK
03-3135,PLAC CONC-PRECAST BC END/WING
03-3137,PLACE CONC.-BOX CULVERT S.E.T.
03-3139,BOX CULV EXTENSION-ALL COSTS
03-3150,ELEVATOR PIT-COMPLETE
03-3151,PLACE CONC.-EQUIP. FOUNDATIONS
03-3152,PLACE CONC.-SPREAD FOOTINGS
03-3153,PLACE CONC.-GRADE BEAMS
03-3154,"PLACE CONC.-SOG TO 4"""
03-3155,"PLACE CONC.-SOG 5"""
03-3156,"PLACE CONC.-SOG 6"""
03-3157,"PLACE CONC.-SOG>6"""
03-3158,"PLACE CONC.-SOG__"""
03-3159,PLACE CONC.-PILASTERS
03-3160,PLACING CONC.-PIER CAPS
03-3164,EQUIP/HOUSEKEEP PADs-ALL COST
03-3165,BUILDING CURBS-COMPLETE
03-3169,CONC. STAIRS-ALL COSTS
03-3170,PLACE CONC.- WALL FOOTINGS
03-3171,"PLACE CONC.- WALLS TO 12"" THIC"
03-3172,"PLACE CONC.- WALL12"" TO 18""THI"
03-3173,"PLACE CONC.-WALLS >18"""
03-3180,PLACING CONC.-BEAMS & GIRDERS
03-3181,"PLACING CONC.-ELEV. SLAB TO 5"""
03-3182,"PLACING CONC.- ELEV. SLAB 6""-1"
03-3183,"PLACING CONC.-ELEV. SLAB >10"""
03-3188,PLACE CONC. ON METAL DECK
03-3189,METAL PAN STAIR FILL
03-3210,RUB/PATCH BRIDGE SUBSTRUCTURE
03-3216,RUB/PATCH BRIDGE OVERHANG
03-3225,RUB/PATCH BRIDGE RAIL
03-3240,RUB/PATCH BOX CULVERTS
03-3250,RUB/FINISH EXPOSED SURFACES
03-3270,RUB/PATCH WALLS
03-3280,RUB/PATCH ELEVATED CONCRETE
03-3526,SAW GROOVES BR.DECK & APP SLAB
03-3529,SAWCUT CONTROL JTS IN SOG
03-3540,CONCRETE SURFACE TREATMENT
03-3550,SANDBLAST CONC. FLATWORK
03-3913,WATER CURE CONCRETE SLABS
03-3915,WATER & MAT CURE BRIDGE DECKS
03-3923,MEMBRANE CONCRETE CURING
03-4113,PRECAST CONC HOLLOW CORE PLK
03-4118,ARCH SPAN BRIDGE __' X __'
03-4119,ARCH SPAN BRIDGE __' X __'
03-4120,ARCH SPAN BRIDGE __' X __'
03-4133,"PRECAST TY ""C"" BEAMS"
03-4134,"PRECAST TY ""IV"" BEAMS"
03-4135,"PRECAST TY ""54"" BEAMS"
03-4140,"PRECAST TY ""Tx28"" BEAMS"
03-4141,"PRECAST TY ""Tx34"" BEAMS"
03-4142,"PRECAST TY ""Tx40"" BEAMS"
03-4143,"PRECAST TY ""Tx46"" BEAMS"
03-4144,"PRECAST TY ""Tx54"" BEAMS"
03-4145,"PRECAST TY ""Tx62"" BEAMS"
03-4146,"PRECAST TY ""Tx70"" BEAMS"
03-4147,PRECAST ___ BRIDGE BEAMS
03-4148,BRACE PRECAST BEAMS
03-4150,PRECAST BOX BEAMS
03-4160,PRESTRESSED CONC PANELS
03-4161,SPEC. GRADING FOR CONC PANELS
03-4170,PRECAST STRUCTURAL CONCRETE
03-4710,EXCAVATE TILTWALL PANELS
03-4711,BACKFILL INSIDE TILTWALL PANEL
03-4712,BACKFILL OUTSIDE TILTWALL PANE
03-4720,"FORM TILT PANELS 5.5"""
03-4721,"FORM TILT PANELS 6.5"""
03-4722,"FORM TILT PANELS 7 1/4"""
03-4723,"FORM TILT PANELS 9 1/4"""
03-4724,"FORM TILT PANELS ___"""
03-4728,TILTWALL INSULATION
03-4730,REINFORCE TILT PANELS
03-4740,STRUCT. ST. EMBEDS TILT PANELS
03-4741,"LIFTING INSERTS, BRACING & ENG"
03-4742,REMOVE TILT PANELS BRACES
03-4750,PLACE & FINISH TILT PANELS
03-4751,CASTING BEDS TILT PANELS
03-4752,RUB/PATCH TILT PANELS
03-4753,GROUT TILT PANELS
03-4754,FORM POUR BACK STRIPS
03-4755,POUR BACK STRIP
03-4760,ERECT TILT PANELS
03-5116,POURED GYPSUM DECKS
03-5216,INSULATING CONC. ROOF DECKS
03-5300,CONCRETE TOPPING SLAB
03-6013,FLOOR/TRENCH GROUTING
03-6113,DRY PACK GROUTING
03-6213,NON-SHRINK GROUTING
03-6300,EPOXY GROUTING
03-6423,EPOXY INJECTION GROUTING
03-6910,BRIDGE CRANE RENTAL
03-6930,BOX CULVERT CRANE RENTAL
03-6970,RETAINING WALL CRANE RENTAL
03-6980,BLDG CONCRETE CRANE RENTAL
03-6982,____CRANE RENTAL
03-7100,POUR SLAB CUTOUTS-ALL COSTS
03-8113,CONCRETE SAWING
03-8213,CONCRETE CORE DRILLING
04-0000,DIV. 04- MASONRY
04-2000,MASONRY CONSTRUCTION
04-2100,BRICK MASONRY
04-2200,CMU MASONRY
04-2900,ENGINEERED UNIT MASONRY
04-4200,EXTERIOR STONE CLADDING
04-4300,STONE MASONRY
04-4320,FLAGSTONE WALKS
05-0000,DIV. 05- METALS
05-1223,STRUCTURAL STEEL FOR BUILDINGS
05-1224,STEEL ERECTION
05-1250,STEEL BOLLARDS
05-1270,MISCELLANEOUS STEEL
05-4100,STRUCTURAL METAL STUD FRAMING
05-4200,COLD-FORMED MET. JOIST FRAMING
05-4413,COLD-FORMED MET. ROOF TRUSSES
05-4900,METAL BEAM GUARDRAIL
05-5100,METAL STAIRS & LADDERS
05-5133,POND LADDERS
05-5213,STEEL FABRICATED HANDRAIL
05-5240,TRAFFIC RAIL TY T1F & T1W
05-5241,TRAFFIC RAIL TY T101
05-5242,TRAFFIC RAIL TY T401 & T402
05-5243,TRAFFIC RAIL TY T6
05-5244,TRAFFIC RAIL TY T77
05-5245,TRAFFIC RAIL TY T80HT
05-5250,COMBINATION RAIL- TY C1W
05-5251,COMBINATION RAIL- TY C221 & C2
05-5252,COMBINATION RAIL- TY C402
05-5300,METAL GRATINGS
05-5500,METAL STAIR TREADS & NOSINGS
05-5720,BRIDGE PROTECTIVE ASSEMBLIES
05-5730,BRIDGE ARMOR JOINTS
05-5740,BRIDGE SEALED EXPANSION JOINTS
05-5900,METAL SPECIALTIES
05-7000,DECORATIVE METALS
06-0000,"DIV. 06- WOODS,PLASTICS & COMP"
06-1000,ROUGH CARPENTRY
06-1053,WOOD BLOCKING
06-1300,HEAVY TIMBER
06-1700,SHOP-FABRICATED STRUCTURAL WOO
06-1800,GLUED-LAMINATED CONSTRUCTION
06-2000,FINISH CARPENTRY
06-2200,MILLWORK
06-6000,PLASTIC FABRICATIONS
06-7413,FRP GRATING
07-0000,DIV. 07- THERMAL MOIST PROTECT
07-1000,DAMP / WATERPROOF & SEALANTS
07-1300,SHEET WATERPROOFING
07-1400,FLUID-APPLIED WATERPROOFING
07-1700,BENTONITE WATERPROOFING
07-2100,THERMAL INSULATION
07-2129,SPRAY 0N INSULATION
07-2400,E.I.F.S
07-2700,AIR BARRIERS
07-3100,SHINGLES
07-3200,ROOF TILES
07-4100,ROOFING  AND SHEETMETAL
07-4200,WALL PANELS
07-4293,METAL SOFFITS
07-5100,BUILT-UP BITUMINOUS ROOFING
07-5200,MOD. BITUMINOUS MEMBR. ROOFING
07-5400,THERMOPLASTIC MEMBR. ROOFING
07-6100,SHEET METAL ROOFING
07-7100,ROOF SPECIALTIES
07-7200,ROOF ACCESSORIES
07-7600,ROOF PAVERS
07-8100,APPLIED FIREPROOFING
07-8400,FIRESTOPPING
07-9100,PREFORMED JOINT SEALS
07-9200,JOINT SEALANTS
07-9513,EXPANSION JT. COVER ASSEMBLIES
07-9553,JOINT SLIDE BEARINGS
07-9563,BRIDGE EXP. JT COVER ASSEMBLIE
08-0000,DIV. 08- OPENINGS
08-1000,"DOORS, FRAMES & HARDWARE"
08-1100,METAL DOORS AND FRAMES
08-1400,WOOD DOORS
08-1500,PLASTIC DOORS
08-1600,COMPOSITE DOORS
08-3100,ACCESS DOORS AND PANELS
08-3300,COILING DOORS AND GRILLES
08-3416,HANGAR DOORS
08-3500,FOLDING DOORS AND GRILLES
08-3513,ACCORDION DOORS
08-3623,TELESCOPING OVERHEAD DOORS
08-4100,"GLASS, GLAZING & STOREFRONTS"
08-4229,AUTOMATIC DOORS
08-5100,METAL WINDOWS
08-5200,WOOD WINDOWS
08-6200,UNIT SKYLIGHTS
08-7100,DOOR HARDWARE
08-8000,GLAZING
08-9100,LOUVERS AND VENTS
09-0000,DIV. 09- FINISHES
09-2000,DRYWALL AND ACOUSTICAL
09-2300,GYPSUM PLASTERING
09-2400,PORTLAND CEMENT PLASTERING
09-3000,CERAMIC TILE & STONE
09-5100,ACOUSTICAL CEILINGS
09-6000,ALL FLOORING
09-6100,POLISH CONCRETE
09-6119,CONCRETE STAINING
09-6200,SPECIALTY FLOORING
09-6300,MASONRY FLOORING
09-6400,WOOD FLOORING
09-6500,RESILIENT FLOORING
09-6566,RESILIENT ATHLETIC FLOORING
09-6600,TERRAZZO FLOORING
09-6723,EPOXY FLOORING
09-6800,CARPETING
09-6900,ACCESS FLOORING
09-7200,WALL COVERINGS
09-8413,ACOUSTIC PANELS
09-9100,PAINTING AND FINISHING
09-9600,HIGH-PERFORMANCE COATINGS
09-9623,ANTI-GRAFFITI COATINGS
09-9663,SANDBLAST CONCRETE
09-9700,SPECIAL COATINGS
09-9723,PAINTING HIGHWAY STRUCTURES
10-0000,DIV. 10- SPECIALTIES
10-1100,CHALKBOARDS & MARKERBOARDS
10-1300,DIRECTORIES
10-1400,BUILDING SIGNAGE
10-1453,PARK & TRAIL SIGNAGE
10-1463,ELECTRONIC MESSAGE SIGNAGE
10-2113,TOILET PARTITIONS AND ACCESSOR
10-2123,CUBICLE CURTAINS AND TRACK
10-2213,WIRE MESH PARTITIONS
10-2226,ACCORDION FOLDING PARTITIONS
10-2227,COILING PARTITIONS
10-2228,FOLDING PANEL PARTITIONS
10-2229,SLIDING PARTITIONS
10-2600,WALL AND DOOR PROTECTION
10-2800,"TOILET, BATH & LAUNDRY ACCESS."
10-3100,MANUFACTURED FIREPLACES
10-4113,KNOX BOX
10-4413,FIRE EXTINGUISHERS & CABINETS
10-5100,LOCKERS
10-5153,LOCKER ROOM BENCHES
10-5500,POSTAL SPECIALTIES
10-5600,STORAGE SHELVING
10-7113,EXTERIOR SUN CONTROL DEVICES
10-7300,PROTECTIVE COVERS
10-7316,CANOPIES
10-7326,WALKWAY COVERINGS
10-7500,FLAGPOLES
10-8200,GRILLES AND SCREENS
10-8316,BANNERS
10-9000,MISCELLANEOUS SPECIALTIES
11-0000,DIV. 11- EQUIPMENT
11-1100,VEHICLE SERVICE EQUIPMENT
11-1126,VEHCILE WASHING EQUIPMENT
11-1200,PARKING CONTROL EQUIPMENT
11-1300,LOADING DOCK EQUIPMENT
11-1500,COMMERCIAL EQUIPMENT
11-3000,RESIDENTIAL EQUIPMENT
11-3100,RESIDENTIAL APPLIANCES
11-4000,FOOD SERVICE EQUIPMENT
11-5200,AUDIO-VISUAL EQUIPMENT
11-5213,PROJECTION SCREENS
11-6600,ATHLETIC EQUIPMENT
11-6813,PLAYGROUND EQUIPMENT
11-6833,ATHLETIC FIELD EQUIPMENT
12-0000,DIV. 12- FURNISHINGS
12-2100,WINDOW BLINDS & SHADES
12-3100,MANUFACTURED CASEWORK
12-3553,LABORATORY CASEWORK
12-3600,COUNTERTOPS
12-4800,FLOOR MATS & FRAMES
12-6000,MULTIPLE SEATING
12-9313,BICYCLE RACKS
12-9323,TRASH & LITTER RECEPTORS
12-9343,SITE SEATING & TABLES
13-0000,DIV. 13- SPECIAL CONSTRUCTION
13-1100,SWIMMING POOLS
13-1200,FOUNTAINS
13-2416,SAUNAS
13-3100,FABRIC STRUCTURES
13-3416,BLEACHERS
13-3419,PRE-ENGINEERED METAL BUILDING
13-3420,ERECT PRE-ENGINEERED MET. BLDG
13-3423,PORTABLE AND MOBILE BUILDINGS
13-4900,RADIATION PROTECTION
14-0000,DIV. 14- CONVEYING EQUIPMENT
14-2000,ELEVATORS
14-3100,ESCALATORS
14-4000,LIFTS
21-0000,DIV. 21- FIRE SUPPRESSION
21-1119,FIRE-DEPARTMENT CONNECTIONS
21-1300,FIRE SPRINKLER SYSTEMS
21-1340,FIRE RISER TURNUP
21-3000,FIRE PUMPS
21-4000,FIRE-SUPPRESSION WATER STORAGE
22-0000,DIV. 22- PLUMBING
22-1200,POTABLE WATER STORAGE TANKS
22-1300,PLUMBING
22-1353,SEPTIC SYSTEMS
22-1453,RAINWATER STORAGE TANKS
22-1500,COMPRESSED AIR SYSTEMS
22-3436,GAS SERVICE
22-4713,DRINKING FOUNTAINS
22-6000,MED. GAS AND VACUUM SYSTEMS
23-0000,DIV. 23- HVAC
23-1000,FUEL SYSTEMS
23-3000,HVAC
23-3515,VEHICLE EXHAUST SYSTEMS
23-5600,SOLAR ENERGY SYSTEMS
25-0000,DIV. 25- INTEGRATED AUTOMATION
25-5100,INTEGRAT. AUTO CONTL-FACILITY 
25-5500,INTEGRATED AUTO CONTROL-HVAC
25-5600,INT. AUTO CONTROL-ELECTRICAL
26-0000,DIV. 26- ELECTRICAL
26-1000,ELECTRICAL
26-2200,TRANSFORMER PAD
26-3213,GENERATOR PAD
26-4113,LIGHTNING PROTECTION
26-4213,CATHODIC PROTECTION
26-5613,"18"" LIGHT POLE BASES"
26-5614,"24"" LIGHT POLE BASES"
26-5615,"30"" LIGHT POLE BASES"
26-5616,"__"" LIGHT POLE BASES"
26-5619,ROADWAY LIGHTING
26-5668,EXTERIOR ATHLETIC LIGHTING
27-0000,DIV. 27- COMMUNICATIONS
27-1300,DATA/COMMUNICATIONS CABLING
27-2000,DATA COMMUNICATIONS EQUIPMENT
27-4100,AUDIO-VIDEO SYSTEMS
28-0000,DIV. 28- ELECTRONIC SAFETY & S
28-2100,ACC. CONTROL & SECURITY SYSTEM
28-2300,VIDEO SURVEILLANCE
28-3100,FIRE DETECTION AND ALARM
31-0000,DIV. 31- EARTHWORK
31-0500,PURCHASE CONSTRUCTION WATER
31-0813,PILE LOAD TESTING
31-1000,SITE WORK EXCAV & PAVING-SUB
31-1050,CREEK ACCESS/CROSSINGS
31-1100,CLEARING & GRUBBING
31-1110,SITE PREPARATION
31-1120,PREP ROW
31-1200,SELECTIVE CLEARING
31-1313,TREE REMOVAL
31-1316,TREE TRIMMING
31-1330,TREE FERTILIZATION
31-1331,ARBORIST
31-1413,STRIP & STOCKPILE TOPSOIL
31-1420,SCREEN ONSITE TOPSOIL
31-2219,FINISH GRADE SLOPES FOR TOPSOI
31-2220,SPREAD TOPSOIL FROM PILE
31-2221,HAUL & SPRD TOPSOIL FM OFFSITE
31-2222,"BUY,HAUL & SPREAD TOPSOIL"
31-2223,"BUY,HAUL & SPREAD COMPOST"
31-2261,HAULOFF CONCRETE DEMO
31-2265,HAULOFFF ASPHALT DEMO
31-2269,LOAD & HAULOFF SPOILS
31-2313,SUBGRADE PREP-SMALL AREA
31-2314,SUBGRADE PREP-LARGE AREA
31-2316,EXCAVATION
31-2318,CHANNEL EXCAVATION
31-2319,DEWATERING
31-2330,SCREEN ONSITE EXCAVATION
31-2334,CRUSHING & SCREENING OPERATION
31-2336,HAULING SCREENED MAT'L ONSITE
31-2340,BUY & HAUL BORROW
31-2342,LOAD & HAUL OFFSITE BORROW
31-2344,BORROW PIT EXCAVATION & HAUL
31-2345,LOAD & HAUL ONSITE STOCKPILE
31-2373,BACKFILL CURB
31-2375,BACKFILL PAVEMENT EDGE
31-2412,EXCAVATION & EMBANKMENT
31-2413,EMBANKMENT
31-2425,EXCAVATE BLDG & STOCKPILE
31-2426,EXCAV. STOCKILE & PLACE IN PAD
31-2430,MOISTURE CONDITION BLDG PAD
31-2500,EROSION CONTROL SUB.-ALL COSTS
31-2513,SILT FENCE
31-2514,TRI DIKE SILT FENCE
31-2515,MULCH LOGS
31-2520,STAB CONST ENTRANCE
31-2523,ROCK BERMS
31-2528,INLET PROTECTION
31-2540,TREE PROTECTION
31-2550,DIVERSION BERMS
31-2551,CONCRETE WASH OUT PIT
31-2553,EROSION CONTROL MAINT.
31-2554,SW3P PLAN & COMPLIANCE
31-3116,TERMITE TREATMENT
31-3200,"6"" CEMENT STAB SUBGRADE"
31-3201,"8"" CEMENT STAB SUBGRADE"
31-3202,"12"" CEMENT STAB SUBGRADE"
31-3203,"__"" CEMENT STAB SUBGRADE"
31-3204,"6"" LIME STAB SUBGRADE"
31-3205,"8"" LIME STAB SUBGRADE"
31-3206,"10"" LIME STAB SUBGRADE"
31-3207,"12"" LIME STAB SUBGRADE"
31-3208,"__"" LIME STAB SUBGRADE"
31-3209,"__"" FLY-ASH STAB SUBGRADE"
31-3210,"__"" FLY-ASH STAB SUBRADE"
31-3211,"__"" LIME/CEMENT STAB SUBGRADE"
31-3212,"__"" LIME/CEMENT STAB SUBGRADE"
31-3213,"_""LIME/FLYASH STAB SUBGRADE"
31-3214,"_"" LIME/FLYASH STAB SUBGRADE"
31-3215,CEMENT STABILIZED BACKFILL
31-3217,WATER INJECTION SOIL STAB
31-3219,BUY & PLACE GEOGRID
31-3223,CHEMICAL INJECTION SOIL STAB
31-3233,GUNITE SLOPE PROTECTION
31-3236,SOIL NAIL SLOPE PROTECTION
31-3313,ROCK BOLTING AND GROUTING
31-3326,TEMP WIRE RETAINING WALL
31-3518,CURLEX EROSION MATTING
31-3519,EROSION MATTING
31-3523,"4"" CONCRETE RIPRAP"
31-3525,"5"" CONCRETE RIPRAP"
31-3526,"6"" CONCRETE RIPRAP"
31-3530,"4"" CONCRETE MOW STRIP"
31-3540,ROOT BARRIER
31-3613,GABIONS
31-3619,"6"" REVET MATTRESSES"
31-3620,"9"" REVET MATTRESSES"
31-3621,"12"" REVET MATTRESSES"
31-3622,"18"" REVET MATTRESSES"
31-3713,ROCK RIPRAP
31-3720,GROUTED ROCK RIPRAP
31-4113,TIMBER SHORING
31-4116,SHEET PILE SHORING
31-5200,COFFERDAMS
31-5613,BENTONITE SLURRY WALLS
31-6300,DRILLED PIER SUBCONTRACTOR
31-6305,REINFORCE PIERS
31-6312,"12"" DIA PIERS"
31-6318,"18"" DIA PIERS"
31-6324,"24"" DIA PIERS"
31-6330,"30"" DIA PIERS"
31-6336,"36"" DIA PIERS"
31-6342,"42"" DIA PIERS"
31-6348,"48"" DIA PIERS"
31-6354,"54"" DIA PIERS"
31-6360,"60"" DIA PIERS"
31-6366,"66"" DIA PIERS"
31-6372,"72"" DIA PIERS"
31-6384,"84"" DIA PIERS"
31-6385,"__"" DIA PIERS"
32-0000,DIV. 32- EXTERIOR IMPROVEMENTS
32-0110,TRAFFIC CONTROL-ROADWAY
32-0111,CLEAN ASPHALT PAVING
32-0113,SLURRY SEAL ASPHALT
32-0116,"MILLING ASPHALT PAVING 0"" - 2"""
32-0117,"MILLING ASPHALT PAVING 2"" - 6"""
32-0118,"MILLING ASPHALT PAVING 6"" - 12"
32-0119,"MILLING ASPHALT PAVING > 12"""
32-0125,SEALING CRACKS IN ASPH PAVING
32-0127,SEALING CRACKS IN CONC PAVING
32-0132,GROOVING CONCRETE PAVING
32-0135,GRINDING CONCRETE PAVING
32-0142,CONCRETE PAVING REPAIRS
32-0150,REPLACE SIDEWALK
32-0155,REPLACE CURB
32-1103,AGGREGATE SUBBASE COURSE
32-1104,"BUY & PROCESS 4"" FLEX BASE"
32-1105,"BUY & PROCESS 5"" FLEX BASE"
32-1106,"BUY & PROCESS 6"" FLEX BASE"
32-1107,"BUY & PROCESS 7"" FLEX BASE"
32-1108,"BUY & PROCESS 8"" FLEX BASE"
32-1109,"BUY & PROCESS 9"" FLEX BASE"
32-1110,"BUY & PROCESS 10"" FLEX BASE"
32-1111,"BUY & PROCESS 11"" FLEX BASE"
32-1112,"BUY & PROCESS 12"" FLEX BASE"
32-1113,"BUY & PROCESS 13"" FLEX BASE"
32-1114,"BUY & PROCESS 14"" FLEX BASE"
32-1115,"BUY & PROCESS 15"" FLEX BASE"
32-1116,"BUY & PROCESS 16"" FLEX BASE"
32-1117,"BUY & PROCESS 17"" FLEX BASE"
32-1118,"BUY & PROCESS 18"" FLEX BASE"
32-1119,"BUY & PROCESS 19"" FLEX BASE"
32-1120,"BUY & PROCESS 20"" FLEX BASE"
32-1121,"BUY & PROCESS 21"" FLEX BASE"
32-1122,"BUY & PROCESS 22"" FLEX BASE"
32-1123,"BUY & PROCESS 23"" FLEX BASE"
32-1124,"BUY & PROCESS 24"" FLEX BASE"
32-1125,"BUY & PROCESS __"" FLEX BASE"
32-1130,HAUL FLEX BASE
32-1140,"BUY,HAUL & PLACE ASPHALT BASE"
32-1145,"__"" CEMENT TREATED BASE"
32-1150,BUY & PROCESS SELECT FILL
32-1152,HAUL SELECT FILL
32-1155,PROCESS ONSITE SELECT FILL
32-1210,ASPHALT PAY ITEMS
32-1211,ASPHALT BONUS/PENALTY
32-1213,ASPHALT PRIME COAT
32-1216,"ASPHALT PAVING - 1 1/2"""
32-1217,"ASPHALT PAVING - 2"""
32-1218,"ASPHALT PAVING - 2 1/2"""
32-1219,"ASPHALT PAVING - 3"""
32-1220,"ASPHALT PAVING - 4"""
32-1221,"ASPHALT PAVING - 5"""
32-1222,"ASPHALT PAVING - 6"""
32-1223,"ASPHALT PAVING - 8"""
32-1224,"ASPHALT PAVING-__"""
32-1229,ASPHALT DRIVEWAYS
32-1230,PATCH ASPHALT PAVING
32-1233,GROOVING ASPHALT PAVING
32-1236,COAL TAR SEAL COATS
32-1237,1&2 COURSE SURFACE TREATMENT
32-1304,"CONCRETE PAVEMENT 4"" THICK"
32-1305,"CONCRETE PAVEMENT 5"" THICK"
32-1306,"CONCRETE PAVEMENT 6"" THICK"
32-1307,"CONCRETE PAVEMENT 7"" THICK"
32-1308,"CONCRETE PAVEMENT 8"" THICK"
32-1309,"CONCRETE PAVEMENT 9"" THICK"
32-1310,"CONCRETE PAVEMENT 10"" THICK"
32-1311,"CONCRETE PAVEMENT 11"" THICK"
32-1312,"CONCRETE PAVEMENT 12"" THICK"
32-1313,"CONCRETE PAVEMENT 13"" THICK"
32-1314,"CONCRETE PAVEMENT __"" THICK"
32-1316,"STAMPED & COLORED CONC PAVE _"""
32-1330,FINE GRADE CONCRETE PAVEMENT
32-1332,FORM CONCRETE PAVEMENT
32-1334,BUY & PLACE REBAR CONC. PAVE.
32-1336,BUY & SET EXPANSION JOINTS
32-1338,BUY & SET DOWEL BASKETS
32-1340,POUR CONCRETE PAVEMENT
32-1342,SAW CUT CONCRETE PAVEMENT
32-1344,SEAL JOINTS CONCRETE PAVEMENT
32-1348,DRILL & SET DOWELS CONC. PAVE.
32-1353,"5"" PERVIOUS PAVING"
32-1354,"6"" PERVIOUS PAVING"
32-1355,"_"" PERVIOUS PAVING"
32-1368,CONC. DUMPSTER PAD
32-1413,CONCRETE UNIT PAVERS
32-1416,BRICK UNIT PAVERS
32-1418,PLASTIC CELL PAVERS
32-1513,DECOMPOSED GRANITE
32-1605,MOUNTABLE CURB HAND
32-1606,MOUNTABLE CURB MACHINE
32-1610,"CURB & GUTTER 24"" WIDE HAND"
32-1611,"REINFORCED C & G 24"" WIDE HAND"
32-1612,"CURB & GUTTER 24"" WIDE MACH"
32-1613,"REINFORCED C & G 24"" WIDE MACH"
32-1615,"RIBBON CURB 12"" WIDE HAND"
32-1616,"RIBBON CURB 12"" WIDE MACH"
32-1617,"RIBBON CURB 18"" WIDE HAND"
32-1618,"RIBBON CURB 18"" WIDE MACH"
32-1619,"RIBBON CURB 24"" WIDE HAND"
32-1620,"RIBBON CURB 24"" WIDE MACH"
32-1621,"INTEGRAL CURB 6"" WIDE"
32-1623,"SIDEWALK CONC. 4"" THICK"
32-1624,"SIDEWALK CONC. 5"" THICK"
32-1625,"SIDEWALK CONC. 6"" THICK"
32-1626,"SIDEWALK CONC. _"" THICK"
32-1627,"SIDEWALK 4"" SPECIAL FINISH"
32-1628,"SIDEWALK 5"" SPECIAL FINISH"
32-1629,"SIDEWALK _"" SPECIAL FINISH"
32-1630,"SIDEWALK 4"" STAMPED & COLORED"
32-1631,"SIDEWALK 5"" STAMPED & COLORED"
32-1632,"SIDEWALK _"" STAMPED & COLORED"
32-1633,"SIDEWALK COLORED _"" THICK"
32-1635,CONCRETE TRICKLE CHANNEL
32-1640,"4"" PERVIOUS SIDEWALK"
32-1641,"5"" PERVIOUS SIDEWALK"
32-1642,"_"" PERVIOUS SIDEWALK"
32-1646,SITE CONC. STEPS
32-1650,GROOVED HANDICAP RAMPS
32-1651,DOMED PAVER HANDICAP RAMP
32-1660,CONCRETE APPROACHES
32-1663,CONCRETE VALLEY GUTTER
32-1665,"5"" CONCRETE DRIVEWAY"
32-1666,"6"" CONCRETE DRIVEWAY"
32-1667,"7"" CONCRETE DRIVEWAY"
32-1700,PAVEMENT MARKINGS
32-1750,TRAFFIC SIGNS
32-1755,STREET END BARRICADES
32-1823,ATHLETIC SURFACING
32-3100,FENCES & GATES
32-3105,POND ACCESS GATE
32-3111,GATE OPERATORS
32-3123,PLASTIC CONSTRUCTION FENCE
32-3126,BARB WIRE FENCES
32-3129,WOOD FENCES & GATES
32-3200,CIP RETAINING WALLS- ALL COSTS
32-3205,EXCAVATE RETAINING WALLS
32-3206,EARTH BACKFILL RETAINING WALLS
32-3207,SAND/STONE BACKFILL RETAIN WAL
32-3208,UNDERDRAIN FOR RETAINING WALL
32-3210,FINE GRADE RETAINING WALL
32-3220,FORM RETAINING WALL FOOTING
32-3225,POUR RETAINING WALL FOOTING
32-3229,WATERSTOP RETAINING WALL
32-3230,FORM WALL RETAINING WALL
32-3235,POUR RETAINING WALL
32-3240,REBAR RETAINING WALL
32-3244,WATERPROOFING FOR RETAIN WALL
32-3246,RUB & PATCH RETAINING WALLS
32-3251,EXCAVATE MSE WALLS
32-3252,CONCRETE FOOTING MSE WALL
32-3253,UNLOAD MSE PANELS
32-3254,SET MSE PANELS
32-3255,UNDERDRAIN FOR MSE PANELS
32-3256,BACKFILL MSE PANELS
32-3257,FORM LEVELING PAD
32-3258,POUR LEVELING PAD
32-3259,SET PRECAST COPING
32-3260,CIP COPING-COMPLETE
32-3261,MOMENT SLAB - ALL COSTS
32-3265,MSE WALL SUBCONTRACTOR
32-3270,WIRE FORMED MSE WALL
32-3280,MSE ROCK RETAINING WALLS
32-3281,DRY STACK ROCK WALLS
32-3282,GROUTED ROCK WALLS
32-3286,GABION RETAINING WALLS
32-3289,SOIL NAIL RETAINING WALL
32-3310,ROCK BOULDERS
32-3400,FABRICATED BRIDGES
32-3516,SOUND BARRIERS
32-8200,IRRIGATION WET WELLS
32-8400,IRRIGATION
32-8410,IRRIGATION SLEEVES
32-9213,HYDROMULCHING
32-9223,SODDING
32-9230,WATERING
32-9300,LANDSCAPING
32-9443,TREE GRATES
33-0000,DIV. 33- UTILITIES
33-0010,UTILITES - SUBCONTRACT
33-0100,TRENCH SAFETY-ALL COSTS
33-0110,TRAFFIC CONTROL-UTILITIES
33-0120,POTHOLING
33-0133,TEST SEWER LINES
33-0134,TEST SEWER MANHOLES
33-0136,CAMERA SEWER LINES
33-0137,REHAB EXISTING SEWER MANHOLE
33-0140,CAMERA STORM SEWER
33-0141,CLEAN STORM SEWERS
33-0504,"1"" TO 12"" JACK & BORE"
33-0506,"13"" TO 20"" JACK & BORE"
33-0520,"20"" JACK & BORE"
33-0524,"24"" JACK & BORE"
33-0530,"30"" JACK & BORE"
33-0536,"36"" JACK & BORE"
33-0542,"42"" JACK & BORE"
33-0548,"48"" JACK & BORE"
33-0560,"60"" JACK & BORE"
33-0570,"__"" JACK & BORE"
33-0580,"STEEL CASING PIPE <21"""
33-0581,"STEEL CASING PIPE 24"""
33-0582,"STEEL CASING PIPE 30"""
33-0583,"STEEL CASING PIPE 36"""
33-0584,"STEEL CASING PIPE __"""
33-0585,"STEEL CASING PIPE __"""
33-0900,UTIL. INSTRUMENTATION & CONTRO
33-1000,BUY & HAUL UTILITY BEDDING MAT
33-1010,BUY & HAUL UTILITY FLEX BASE M
33-1050,FLOWABLE FILL
33-1101,ROCK TRENCHING FOR WATER
33-1102,"1"" TO 2"" PVC WATER"
33-1103,"3"" PVC WATER"
33-1108,"3"" HDPE WATER"
33-1110,"4"" PVC WATER"
33-1115,"4"" DI WATER"
33-1118,"4"" HDPE WATER"
33-1120,"6"" PVC WATER"
33-1125,"6"" DI WATER"
33-1128,"6"" HDPE WATER"
33-1130,"8"" PVC WATER"
33-1135,"8"" DI WATER"
33-1138,"8"" HDPE WATER"
33-1140,"10"" PVC WATER"
33-1145,"10"" DI WATER"
33-1148,"10"" HDPE WATER"
33-1150,"12"" PVC WATER"
33-1155,"12"" DI WATER"
33-1158,"12"" HDPE WATER"
33-1160,"16"" PVC WATER"
33-1165,"16"" DI WATER"
33-1168,"16"" HDPE WATER"
33-1170,"24"" PVC WATER"
33-1175,"24"" DI WATER"
33-1180,"__"" PVC WATER"
33-1185,"__"" DI WATER"
33-1188,"__"" HDPE WATER"
33-1190,CONCRETE ENCASE WATER LINE
33-1191,CONC. TRENCH CAP WATER LINE
33-1210,CONNECT TO EXISTING WATER STUB
33-1212,TAP SLEEVE & VALVE CONNECTION
33-1214,"CSC PIPE __""TAP SLEEVE & VALVE"
33-1216,"CUT IN __""TEE TO EXISTING WATE"
33-1220,"1"" TO 2"" BACKFLOW PREVENTERS"
33-1221,"3"" BACKFLOW PREVENTERS"
33-1222,"4"" BACKFLOW PREVENTERS"
33-1223,"6"" BACKFLOW PREVENTERS"
33-1224,"8"" BACKFLOW PREVENTERS"
33-1225,"10"" BACKFLOW PREVENTERS"
33-1226,"12"" BACKFLOW PREVENTERS"
33-1230,"INSTALL 2"" TO 12"" VALVES"
33-1235,"INSTALL 16"" VALVES"
33-1236,"INSTALL 24"" VALVES"
33-1237,"INSTALL __"" VALVES"
33-1238,ADJUST EXISTING VALVE CASTINGS
33-1250,"5 1/4"" FIRE HYDRANTS W/VALVE"
33-1251,AIR RELEASE VALVES
33-1252,BLOWOFFS
33-1253,HYDROGUARDS
33-1254,DRAIN VALVES
33-1258,BLDG FIRE RISER
33-1260,WATER PUMP STATIONS
33-1270,SINGLE/DOUBLE WATER SERVICES
33-1271,"0"" TO 2"" WATER METER ASS'Y"
33-1272,"3"" WATER METER ASS'Y & VAULT"
33-1273,"4"" WATER METER ASS'Y & VAULT"
33-1274,"6"" WATER METER ASS'Y & VAULT"
33-1275,"8"" WATER METER ASS'Y & VAULT"
33-1276,"10"" WATER METER ASS'Y & VAULT"
33-1277,"12"" WATER METER ASS'Y & VAULT"
33-1300,TEST & CHLORINE WATER LINES
33-1420,"6"" RECLAIMED WATER LINE"
33-1430,"8"" RECLAIMED WATER LINE"
33-1440,"10"" RECLAIMED WATER LINE"
33-1450,"12"" RECLAIMED WATER LINE"
33-1460,"16"" RECLAIMED WATER LINE"
33-1470,"24"" RECLAIMED WATER LINE"
33-1480,"__"" RECLAIMED WATER LINE"
33-1481,"__"" RECLAIMED WATER LINE"
33-1600,WATER STORAGE TANKS
33-1610,UNDERGROUND WATER STORAGE TK
33-2100,DRILL WATER WELLS
33-2900,ABANDON WATER WELLS
33-3101,ROCK TRENCHING FOR SEWER
33-3105,SEWER BYPASS PUMPING
33-3110,"4"" PVC SEWER"
33-3115,"4"" DI SEWER"
33-3118,"4"" HDPE SEWER"
33-3120,"6"" PVC SEWER"
33-3125,"6"" DI SEWER"
33-3128,"6"" HDPE SEWER"
33-3130,"8"" PVC SEWER"
33-3135,"8"" DI SEWER"
33-3138,"8"" HDPE SEWER"
33-3140,"10"" PVC SEWER"
33-3145,"10"" DI SEWER"
33-3148,"10"" HDPE SEWER"
33-3150,"12"" PVC SEWER"
33-3155,"12"" DI SEWER"
33-3158,"12"" HDPE SEWER"
33-3160,"15"" PVC SEWER"
33-3163,"18"" PVC SEWER"
33-3166,"21"" PVC SEWER"
33-3170,"24"" PVC SEWER"
33-3176,"30"" PVC SEWER"
33-3181,"36"" HOBAS SEWER"
33-3182,"42"" HOBAS SEWER"
33-3183,"48"" HOBAS SEWER"
33-3187,"__"" HOBAS SEWER"
33-3188,"__"" HOBAS SEWER"
33-3190,CONCRETE ENCASE SEWER LINE
33-3191,TRENCH CAP FOR SEWER LINE
33-3213,PACK. LIFT STATION-WET WELL TY
33-3216,GRINDER PUMP STATIONS
33-3220,EXCAVATE WET WELL
33-3230,BACKFILL WET WELL-FLOW FILL
33-3231,BACKFILL WET WELL-STONE
33-3232,BACKFILL WET WELL-DIRT
33-3233,POUR CONC WET WELL BOTTOM
33-3234,BUY & SET WET WELL
33-3235,BUY & INSTALL PUMPS & PIPING
33-3236,BUY & INSTALL VALVE VAULT
33-3237,POUR CONCRETE WET WELL TOP
33-3250,LIFT STATION ODOR CONTROL
33-3252,LIFT STATION ELECTRICAL
33-3254,LIFT STA. EMERGENCY GENERATOR
33-3260,LIFT STATION FENCING
33-3264,LIFT STATION GRADING
33-3266,LIFT STATION PAVING
33-3270,LIFT STATION MISC
33-3300,SEWER SERVICES
33-3320,ADJUST EXISTING SEWER SERVICES
33-3380,"30"" HOBAS SEWER"
33-3410,"4"" PVC SEWER FORCED MAIN"
33-3418,"4"" HDPE SEWER FORCED MAIN"
33-3420,"6"" PVC SEWER FORCED MAIN"
33-3428,"6"" HDPE SEWER FORCED MAIN"
33-3430,"8"" PVC SEWER FORCED MAIN"
33-3438,"8"" HDPE SEWER FORCED MAIN"
33-3440,"10"" PVC SEWER FORCED MAIN"
33-3448,"10"" HDPE SEWER FORCED MAIN"
33-3450,"12"" PVC SEWER FORCED MAIN"
33-3458,"12"" HDPE SEWER FORCED MAIN"
33-3600,SEPTIC TANKS & DRAIN FIELDS
33-3908,"48"" SEWER MANHOLES"
33-3910,"60"" SEWER MANHOLES"
33-3912,"72"" SEWER MANHOLES"
33-3916,"96"" SEWER MANHOLES"
33-3920,MINI MANHOLES
33-3930,HOBAS TEE MANHOLES
33-3934,CONCRETE FOR HOBAS MANHOLES
33-3936,EXTEND HOBAS MANHS TO GRADE
33-3950,ADJUST EXISTING MANH CASTINGS
33-3960,"4"" SEWER CLEANOUTS"
33-3961,"6"" SEWER CLEANOUTS"
33-3962,"8"" SEWER CLEANOUTS"
33-3963,"10"" SEWER CLEANOUTS"
33-3964,"12"" SEWER CLEANOUTS"
33-3968,FORCED MAIN CLEANOUT
33-3970,SEWER MANHOLE ON EXISTING LINE
33-3971,TIE INTO EXISTING SEWER MANHOL
33-3972,TIE TO EXISTING SEWER LINE
33-3980,PIPE BURSTING
33-4001,ROCK TRENCHING FOR STORM
33-4010,"12"" RCP STORM"
33-4011,"15"" RCP STORM"
33-4012,"18"" RCP STORM"
33-4013,"21"" RCP STORM"
33-4014,"24"" RCP STORM"
33-4015,"27"" RCP STORM"
33-4016,"30"" RCP STORM"
33-4017,"33"" RCP STORM"
33-4018,"36"" RCP STORM"
33-4019,"42"" RCP STORM"
33-4020,"48"" RCP STORM"
33-4021,"54"" RCP STORM"
33-4022,"60"" RCP STORM"
33-4023,"66"" RCP STORM"
33-4024,"72"" RCP STORM"
33-4026,"84"" RCP STORM"
33-4027,"96"" RCP STORM"
33-4028,"102"" RCP STORM"
33-4029,"108"" RCP STORM"
33-4030,"120"" RCP STORM"
33-4040,"__"" RC ARCH PIPE"
33-4041,"__"" RC ELLIPTICAL PIPE"
33-4104,"4"" HDPE STORM"
33-4105,"6"" HDPE STORM"
33-4106,"8"" HDPE STORM"
33-4107,"10"" HDPE STORM"
33-4110,"12"" HDPE STORM"
33-4111,"15"" HDPE STORM"
33-4112,"18"" HDPE STORM"
33-4113,"21"" HDPE STORM"
33-4114,"24"" HDPE STORM"
33-4115,"27"" HDPE STORM"
33-4116,"30"" HDPE STORM"
33-4117,"__""X__"" PRECAST GRATE INLET"
33-4118,"36"" HDPE STORM"
33-4119,"42"" HDPE STORM"
33-4120,"48"" HDPE STORM"
33-4121,"54"" HDPE STORM"
33-4122,"60"" HDPE STORM"
33-4124,"72"" HDPE STORM"
33-4125,"__"" HDPE STORM"
33-4205,"6"" CMP STORM"
33-4206,"8"" CMP STORM"
33-4210,"12"" CMP STORM"
33-4211,"15"" CMP STORM"
33-4212,"18"" CMP STORM"
33-4213,"21"" CMP STORM"
33-4214,"24"" CMP STORM"
33-4216,"30"" CMP STORM"
33-4218,"36"" CMP STORM"
33-4219,"42"" CMP STORM"
33-4220,"48"" CMP STORM"
33-4221,"54"" CMP STORM"
33-4222,"60"" CMP STORM"
33-4223,"66"" CMP STORM"
33-4224,"72"" CMP STORM"
33-4225,"78"" CMP STORM"
33-4226,"84"" CMP STORM"
33-4227,"96"" CMP STORM"
33-4228,"102"" CMP STORM"
33-4229,"108"" CMP STORM"
33-4230,"120"" CMP STORM"
33-4231,"___"" CMP STORM"
33-4261,"CMP DES 1 17""X13"" (15"" EQUIV)"
33-4262,"CMP DES 2 21""X15"" (18"" EQUIV)"
33-4263,"CMP DES 2A 23""X19"" (21"" EQUIV)"
33-4264,"CMP DES 3 28""X20"" (24"" EQUIV)"
33-4266,"CMP DES 4 35""X24"" (30"" EQUIV)"
33-4268,"CMP DES 5 42""X29"" (36"" EQUIV)"
33-4269,"CMP DES 6 49""X33"" ( 42"" EQUIV)"
33-4270,"CMP DES 7 57""X38"" (48"" EQUIV)"
33-4271,"CMP DES 8 60""X46"" (54"" EQUIV)"
33-4272,"CMP DES 9 66""X51"" (60"" EQUIV)"
33-4273,"CMP DES 10 73""X55"" (66"" EQUIV)"
33-4274,"CMP DES 11 81""X59"" (72"" EQUIV)"
33-4275,"CMP DES 12 87""X63"" (78"" EQUIV)"
33-4276,"CMP DES 13 95""X67"" ( 84"" EQUIV"
33-4281,"CMP DES __ __""X__"" (__"" EQUIV)"
33-4282,"CMP DES __ __""X__"" (__"" EQUIV)"
33-4283,"CMP DES __ __""X__"" (__"" EQUIV)"
33-4288,CONCRETE ENCASE SLOTTED DRAIN
33-4301,ROCK TRENCHING FOR BOX CULVERT
33-4310,3'X2' PRECAST BOX CULVERT
33-4311,3'X3' PRECAST BOX CULVERT
33-4312,4'X2' PRECAST BOX CULVERT
33-4313,4'X3' PRECAST BOX CULVERT
33-4314,4'X4' PRECAST BOX CULVERT
33-4315,5'X2' PRECAST BOX CULVERT
33-4316,5'X3' PRECAST BOX CULVERT
33-4317,5'X4' PRECAST BOX CULVERT
33-4318,5'X5' PRECAST BOX CULVERT
33-4319,6'X3' PRECAST BOX CULVERT
33-4320,6'X4' PRECAST BOX CULVERT
33-4321,6'X5' PRECAST BOX CULVERT
33-4322,6'X6' PRECAST BOX CULVERT
33-4323,7'X3' PRECAST BOX CULVERT
33-4324,7'X4' PRECAST BOX CULVERT
33-4325,7'X5' PRECAST BOX CULVERT
33-4326,7'X6' PRECAST BOX CULVERT
33-4327,7'X7' PRECAST BOX CULVERT
33-4328,8'X4' PRECAST BOX CULVERT
33-4329,8'X5' PRECAST BOX CULVERT
33-4330,8'X6' PRECAST BOX CULVERT
33-4331,8'X7' PRECAST BOX CULVERT
33-4332,8'X8' PRECAST BOX CULVERT
33-4333,9'X5' PRECAST BOX CULVERT
33-4334,9'X6' PRECAST BOX CULVERT
33-4335,9'X7' PRECAST BOX CULVERT
33-4336,9'X8' PRECAST BOX CULVERT
33-4337,9'X9' PRECAST BOX CULVERT
33-4338,10'X5' PRECAST BOX CULVERT
33-4339,10'X6' PRECAST BOX CULVERT
33-4340,10'X7' PRECAST BOX CULVERT
33-4341,10'X8' PRECAST BOX CULVERT
33-4342,10'X9' PRECAST BOX CULVERT
33-4353,10'X10' PRECAST BOX CULVERT
33-4354,11'X4' PRECAST BOX CULVERT
33-4355,11'X6' PRECAST BOX CULVERT
33-4356,11'X8' PRECAST BOX CULVERT
33-4357,11'X10' PRECAST BOX CULVERT
33-4358,11'X11' PRECAST BOX CULVERT
33-4359,12'X4' PRECAST BOX CULVERT
33-4360,12'X6' PRECAST BOX CULVERT
33-4361,12'X8' PRECAST BOX CULVERT
33-4362,12'X10' PRECAST BOX CULVERT
33-4363,12'X12' PRECAST BOX CULVERT
33-4364,__'X__' PRECAST BOX CULVERT
33-4387,"12"" SLOTTED DRAIN"
33-4388,"18"" SLOTTED DRAIN"
33-4405,"3"" TO 12"" HDPE GRATE INLETS"
33-4406,"18"" HDPE GRATE INLETS"
33-4411,"12""X12"" PRECAST GRATE INLET"
33-4412,"18""X18"" PRECAST GRATE INLET"
33-4413,"24'X24"" PRECAST GRATE INLET"
33-4414,"36""X36"" PRECAST GRATE INLET"
33-4415,"48""X48"" PRECAST GRATE INLET"
33-4416,"60""X60"" PRECAST GRATE INLET"
33-4430,5' PRECAST CURB INLET
33-4431,10' PRECAST CURB INLET
33-4432,15' PRECAST CURB INLET
33-4433,20' PRECAST CURB INLET
33-4434,__' PRECAST CURB INLET
33-4438,CURB INLET TRANSITIONS
33-4440,CIP CURB INLETS-COMPLETE
33-4441,CIP CURB INLET TOPS
33-4444,CIP GRATE INLETS-COMPLETE
33-4448,CIP AREA INLET
33-4460,"36""X36"" PRECAST AREA INLET"
33-4461,"48""X48"" PRECAST AREA INLET"
33-4462,"60""X60"" PRECAST AREA INLET"
33-4463,"__""X__"" PRECAST AREA INLET"
33-4467,POOL DECK DRAINS
33-4470,"12"" PRECAST TRENCH DRAIN"
33-4471,"18"" PRECAST TRENCH DRAIN"
33-4472,"24"" PRECAST TRENCH DRAIN"
33-4473,CIP TRENCH DRAINS-COMPLETE
33-4480,"4"" ACCO DRAIN"
33-4481,"8"" ACCO DRAIN"
33-4487,BUY&INSTALL OIL WATER SEPARATO
33-4488,BUY & INSTALL GREASE TRAPS
33-4500,STORM DRAIN PUMP SYSTEMS
33-4604,"4"" PVC STORM"
33-4605,"6"" PVC STORM"
33-4606,"8"" PVC STORM"
33-4607,"10"" PVC STORM"
33-4610,"12"" PVC STORM"
33-4611,"15"" PVC STORM"
33-4612,"18"" PVC STORM"
33-4613,"21"" PVC STORM"
33-4614,"24"" PVC STORM"
33-4616,"30"" PVC STORM"
33-4618,"36"" PVC STORM"
33-4640,"__"" PVC STORM"
33-4654,"4"" DI STORM"
33-4655,"6"" DI STORM"
33-4656,"8"" DI STORM"
33-4660,"12"" DI STORM"
33-4661,"16"" DI STORM"
33-4664,"24"" DI STORM"
33-4666,"30"" DI STORM"
33-4668,"36"" DI STORM"
33-4669,"42"" DI STORM"
33-4670,"48"" DI STORM"
33-4680,"__"" DI STORM"
33-4686,PIPE UNDERDRAIN
33-4687,UNDERDRAIN FILTER FABRIC
33-4688,UNDERDRAIN GRAVEL
33-4710,HAUL & PLACE CLAY LINER IN PON
33-4711,PLACE SOIL COVER IN PONDS
33-4714,BUY & PLACE MANUF LINER IN PON
33-4719,BUY & PLACE GEOTEXTILE FABRIC
33-4720,DRAINAGE MATTING IN PONDS
33-4721,"_"" PVC PERF. PIPE & C/O'S IN P"
33-4722,"_"" PVC SOLID PIPE IN PONDS"
33-4723,SAND FILTER IN POND
33-4724,GRAVEL FILTER IN POND
33-4726,BIOFILTRATION MAT'L IN PONDS
33-4729,FILTER SYSTEM IN PONDS-COMPL.
33-4732,GABIONS IN PONDS
33-4733,ROCK RIPRAP IN PONDS
33-4740,CONCRETE FLATWORK IN PONDS
33-4741,CONCRETE ACCESS ROAD IN PONDS
33-4742,CONCRETE POND OUTLET
33-4743,CONCRETE POND OVERFLOW
33-4744,CONCRETE SPLITTER BOX IN POND
33-4745,CONC. RETAINING WALLS IN POND
33-4760,FENCE FOR POND
33-4763,POND TRASHRACK
33-4764,MISC POND ITEMS
33-4770,POND FILL WATER
33-4773,POND PLANTINGS & FISH
33-4778,RE-IRRIGATION SYSTEM FOR PONDS
33-4810,"12"" CIP S.E.T"
33-4811,"15"" CIP S.E.T"
33-4812,"18"" CIP S.E.T"
33-4813,"24"" CIP S.E.T"
33-4814,"30"" CIP S.E.T"
33-4815,"36"" CIP S.E.T"
33-4816,"42"" CIP S.E.T"
33-4817,"48"" CIP S.E.T"
33-4818,"__"" CIP S.E.T"
33-4819,"__"" CIP S.E.T"
33-4830,"12"" PRECAST S.E.T."
33-4831,"15"" PRECAST S.E.T."
33-4832,"18"" PRECAST S.E.T."
33-4833,"24"" PRECAST S.E.T."
33-4834,"30"" PRECAST S.E.T."
33-4835,"36"" PRECAST S.E.T."
33-4842,"__"" PRECAST S.E.T."
33-4843,"__"" PRECAST S.E.T."
33-4850,"12"" FLARED HEADWALL"
33-4851,"15"" FLARED HEADWALL"
33-4852,"18"" FLARED HEADWALL"
33-4853,"24"" FLARED HEADWALL"
33-4854,"30"" FLARED HEADWALL"
33-4855,"36"" FLARED HEADWALL"
33-4856,"42"" FLARED HEADWALL"
33-4857,"48"" FLARED HEADWALL"
33-4858,"54"" FLARED HEADWALL"
33-4859,"60"" FLARED HEADWALL"
33-4860,"72"" FLARED HEADWALL"
33-4861,"84"" FLARED HEADWALL"
33-4862,"__"" FLARED HEADWALL"
33-4863,"__"" FLARED HEADWALL"
33-4872,"18"" PARALLEL HEADWALL"
33-4873,"24"" PARALLEL HEADWALL"
33-4874,"30"" PARALLEL HEADWALL"
33-4875,"36"" PARALLEL HEADWALL"
33-4876,"42"" PARALLEL HEADWALL"
33-4877,"48"" PARALLEL HEADWALL"
33-4878,"54"" PARALLEL HEADWALL"
33-4879,"60"" PARALLEL HEADWALL"
33-4880,"72"" PARALLEL HEADWALL"
33-4881,"84"" PARALLEL HEADWALL"
33-4882,"__"" PARALLEL HEADWALL"
33-4883,"__"" PARALLEL HEADWALL"
33-4910,"48"" DIA PRECAST STORM MANHOLE"
33-4911,"60"" DIA PRECAST STORM MANHOLE"
33-4912,"72"" DIA PRECAST STORM MANHOLE"
33-4913,"84"" DIA PRECAST STORM MANHOLE"
33-4914,"96"" DIA PRECAST STORM MANHOLE"
33-4915,"120"" DIA PRECAST STORM MANHOLE"
33-4916,"__"" DIA PRECAST STORM MANHOLE"
33-4930,3'X3' PRECAST JUNCTION BOX
33-4931,4'X4' PRECASTJUNCTION BOX
33-4932,5'X5' PRECAST JUNCTION BOX
33-4933,6'X6' PRECAST JUNCTION BOX
33-4934,7'X7' PRECAST JUNCTION BOX
33-4935,8'X8' PRECAST JUNCTION BOX
33-4936,9'X9' PRECAST JUNCTION BOX
33-4937,10'X10' PRECAST JUNCTION BOX
33-4938,12'X12' PRECAST JUNCTION BOX
33-4940,__'X__' PRECAST JUNCTION BOX
33-4941,__'X__' PRECAST JUNCTION BOX
33-4942,__'X__' PRECAST JUNCTION BOX
33-4950,CIP STORM MANHOLES-COMPLETE
33-4960,EXCAVATE CIP STORM MANHOLES
33-4961,BACKFILL CIP STORM MANHOLES
33-4962,FORM STORM MANHOLES
33-4963,REBAR STORM MANHOLES
33-4964,POUR CONCRETE STORM MANHOLES
33-4970,ADJUST EXISTING STORM MANHOLES
33-4972,ADJUST EXISTING STORM MANHOLES
33-4980,TIE INTO EXISTING STORM MANHOL
33-4982,TIE INTO EXISTING STORM INLET
33-4984,TIE INTO EXISTING STORM PIPE
33-4986,TIE INTO EXISTING BOX CULVERT
33-4988,TIE INTO EXISTING HEADWALL
33-5100,GAS DISTRIBUTION SYSTEMS
33-5600,UNDERGROUND FUEL SYSTEMS
33-7100,ELECTRICAL DISTRIBUTION SYSTEM
33-7119,ELECTRICAL DUCT BANKS
33-7130,EXCAVATE & BACKFILL DUCT BANKS
33-7132,CONCRETE ENCASE DUCT BANKS
33-7134,PVC CONDUIT IN DUCT BANKS
33-7138,INSTALL PULL STRING DUCT BANKS
33-7160,BUY & INSTALL ELECT. MANHOLES
33-7164,BUY & INSTALL ELECT. HANDHOLES
33-7900,SITE GROUNDING
33-8200,COMMUNICATION SYSTEMS
34-0000,DIV. 34-TRANSPORTATION
34-1100,RAILROAD TRACKWORK
34-4113,TRAFFIC SIGNALS
34-4116,TRAFFFIC CONTROL FOR JOB
34-4117,PORTABLE MESSAGE BOARDS
34-4118,ARROW BOARDS
34-4119,SHADOW VEHICLE
34-4120,TMA STATIONARY
34-4213,RAILWAY SIGNALS
34-4313,AIRFIELD LIGHTING
34-7105,"LOAD,HAUL & SET WATER BARRIERS"
34-7106,RESET WATER BARRIERS
34-7107,LOAD & RETURN WATER BARRIERS
34-7110,"LOAD,HAUL & SET CONC. BARRIERS"
34-7111,RESET CONC. BARRIERS
34-7112,LOAD & RETURN CONC. BARRIERS
34-7116,IMPACT ATTENUATING DEVICES
34-7419,JET BLAST BARRIERS
35-0000,DIV. 35-WATERWAY&MARINE CONSTR
35-7113,CONCRETE GRAVITY DAMS
35-7313,EARTH DAMS
41-0000,DIV. 41-MAT'L PROC&HANDLING EQ
41-2200,CRANES
41-2213,TOWER CRANES
50-0000,EXTRA WORK
50-9999,Weather Closure
51-0000,DIV. 51-AUX. GENERAL CONDITION
51-0025,EQUIPMENT STANDBY
51-3105,ESTIMATING
51-3106,PRECONSTRUCTION SERVICES
51-3107,BID ADVERTISEMENTS
51-3113,PROJECT EXECUTIVE
51-3114,PROJECT MANAGER
51-3115,PROJECT MANAGER-OCIP
51-3116,ASSISTANT PROJECT MANAGER
51-3117,GENERAL SUPERINTENDENT
51-3118,SUPERINTENDENT
51-3119,ASSISTANT SUPERINTENDENT
51-3120,PROJECT ENGINEER
51-3121,PROJECT ADMINISTRATION
51-3122,FIELD SUPERVISION
51-3123,ELECTRIC & GAS SUPERINTENDENT
51-3180,PERSONNEL BONUSES
51-3200,PROGRESS SCHEDULING
51-3233,CONSTRUCTION PHOTOS/VIDEO
51-3523,JOBSITE SAFETY PERSONNEL
51-3524,SAFETY SUPPLIES/EQUIP.
51-3525,SAFETY TRAINING
51-3526,BADGING & DRUG TESTING
51-4116,REMODEL SALES TAX
51-4123,FEES
51-4124,A & E FEES
51-4126,PERMITS
51-4127,MISC PERMITS
51-4340,CONFINED SPACE
51-4516,FIELD QUALITY CONTROL
51-4523,INSPECTING SERVICES
51-4529,TESTING LAB SERVICES
51-4535,EMISSION SYSTEMS/REPORTING
51-5113,TEMPORARY ELECTRICITY
51-5114,START UP ELECTRICITY
51-5133,TEMPORARY TELEPHONE
51-5134,PHONE & DATA LINES
51-5136,TEMPORARY WATER
51-5213,FIELD OFFICES & SHEDS
51-5214,FIELD OFFICE SUPPLIES & EQUIP.
51-5215,COMPUTERS & PRINTERS
51-5216,STORAGE CONTAINERS
51-5219,TEMPORARY TOILETS
51-5330,TEMPORARY SIDEWALKS
51-5331,TEMPORARY DRIVEWAYS
51-5332,TEMPORARY BYPASS SIDEWALK
51-5333,TEMPORARY ACCESS
51-5416,TEMPORARY HOISTS
51-5419,TEMPORARY CRANES-BLDG
51-5423,TEMP. SCAFFOLDING & PLATFORMS
51-5427,TEMPORARY LADDERS & STAIRS
51-5428,LIGHT TOWERS
51-5430,MISC PROJECT EQUIPMENT
51-5513,TEMPORARY ACCESS ROADS
51-5519,TEMPORARY PARKING AREAS
51-5529,STAGING AREAS
51-5613,"TEMP. AIR, NOISE & DUST BARRIE"
51-5623,TEMPORARY BARRICADES
51-5626,TEMPORARY FENCING
51-5629,TEMP. PROTECTIVE WALKWAYS
51-5633,TEMPORARY SECURITY
51-5639,TEMP. TREE AND PLANT PROTECTIO
51-5713,TEMPORARY EROSION CONTROLS
51-5719,TEMP. ENVIRONMENTAL CONTROLS
51-5723,TEMP. STORM WATER CONTROLS
51-5813,PROJECT SIGNS
51-7113,MOBILIZATION
51-7122,RPLS
51-7123,CONSTRUCTION LAYOUT
51-7124,SITE CAD
51-7125,SITEWORK MODELING
51-7126,BIM
51-7127,DRONE SURVEY
51-7320,MISC. EXPENSES
51-7321,PLANS & SPEC REPRODUCTION
51-7322,SMALL TOOLS
51-7323,SHIPPING & DELIVERY CHARGES
51-7324,"ICE,CUPS & WATER"
51-7350,SUBSISTENCE EXPENSE
51-7351,HOUSING EXPENSE
51-7352,TRAVEL EXPENSE
51-7353,VEHICLES AND FUEL
51-7413,GENERAL BUILDING CLEANING
51-7416,SITE PUNCH OUT
51-7419,DUMPSTER
51-7423,FINAL BUILDING CLEAN
51-7516,STARTUP PROCEDURES
51-7600,PROTECTING INSTALLED CONSTRUCT
51-7833,PERFORMANCE & PAYMENT BOND
51-7834,MAINTENANCE BOND
51-7835,DEVELOPERS BOND
51-7839,AS BUILT DOCUMENTS & CLOSEOUT
51-7900,DEMONSTRATION & TRAINING
51-7950,BUILDERS RISK INSURANCE
51-7951,UMBRELLA INSURANCE
51-7952,RAILROAD INSURANCE
51-7960,AGC DUES
51-8920,CONTRACTOR'S CONTINGENCY
51-8922,OWNER'S CONTINGENCY
51-9100,FORCE ACCT-CORE HOLES-BRIDGE
51-9110,FORCE ACCT-RIDE QUALITY
51-9120,FORCE ACCOUNT
51-9130,FORCE ACCT-ESTIMATE P&P TY B
51-9140,FORCE ACCT- ESTIMATE P&P TY D
52-0000,DESIGN SERVICES
61-0000,SITE INVESTIGATION
